ID,fold_change,neglogp,padj,input,count
agilent_100890,33.256,7.568,0.008,64,29
agilent_102275,28.378,7.318,0.015,75,29
agilent_102644,25687.313,11.762,0,0.1,35
agilent_105317,733.923,15.955,0,5,50
agilent_107529,76.462,15.256,0,263,274
agilent_108088,14.831,7.584,0.008,193,39
agilent_108497,168.802,7.591,0.008,10,23
agilent_108515,917.404,8.652,0.001,2,25
agilent_10960,8.433,8.741,0.001,1288,148
agilent_110572,15.403,9.158,0,243,51
agilent_11271,12.171,9.136,0,404,67
agilent_11272,15.389,7.735,0.006,186,39
agilent_112839,70.862,15.353,0,203,196
agilent_11947,14.77,15.051,0,800,161
agilent_11948,10.097,11.935,0,1083,149
agilent_11949,14.449,9.828,0,320,63
agilent_12004,9.351,7.706,0.006,518,66
agilent_12005,26.042,8.063,0.003,93,33
agilent_12006,30.45,9.712,0,94,39
agilent_12008,10.766,8.798,0,484,71
agilent_12009,9.273,9.385,0,744,94
agilent_12011,44.657,1000,0,590,359
agilent_12012,41.938,15.256,0,196,112
agilent_12013,59.572,1000,0,154,125
agilent_12015,7.333,8.149,0.002,1091,109
agilent_12018,46.971,12.693,0,75,48
agilent_12019,40.515,15.353,0,221,122
agilent_12020,36.304,15.256,0,374,185
agilent_12021,13.358,11.486,0,489,89
agilent_12023,15.33,14.301,0,541,113
agilent_12024,189.957,13.445,0,17,44
agilent_125065,7.755,7.838,0.004,1306,138
agilent_12530,13.734,14.169,0,684,128
agilent_125602,67.521,6.95,0.034,25,23
agilent_129495,33.126,15.051,0,257,116
agilent_129884,133.941,1000,0,40,73
agilent_130471,43.686,6.987,0.031,42,25
agilent_130807,10.26,9.476,0,608,85
agilent_13182,14678.464,7.265,0.016,0.1,20
agilent_132331,32292.622,14.411,0,0.1,44
agilent_133222,78.285,15.654,0,120,128
agilent_135148,27.003,15.353,0,212,78
agilent_137474,46.865,13.902,0,83,53
agilent_138563,19.503,8.409,0.001,143,38
agilent_140151,41.1,1000,0,125,70
agilent_142983,19.955,11.666,0,217,59
agilent_147336,18.054,1000,0,874,215
agilent_148719,13944.541,6.958,0.033,0.1,19
agilent_149903,100.432,8.077,0.003,19,26
agilent_149908,24.464,12.757,0,174,58
agilent_15071,1541.239,7.508,0.009,1,21
agilent_150745,1467.846,7.202,0.019,1,20
agilent_153103,48.284,7.106,0.024,38,25
agilent_153298,142.198,1000,0,32,62
agilent_157752,24.622,11.776,0,155,52
agilent_158436,954.1,8.953,0,2,26
agilent_159126,8.607,8.844,0,776,91
agilent_161274,322.926,7.559,0.008,5,22
agilent_16209,24.016,1000,0,709,232
agilent_162348,1724.72,15.109,0,2,47
agilent_164364,220.177,7.995,0.003,8,24
agilent_165182,972.448,1000,0,4,53
agilent_165236,18348.081,8.784,0,0.1,25
agilent_166869,21.802,15.955,0,340,101
agilent_168007,990.796,9.253,0,2,27
agilent_1683,9.279,8.382,0.001,609,77
agilent_169922,18.163,9.857,0,198,49
agilent_171027,13944.541,6.958,0.033,0.1,19
agilent_171770,20.589,15.109,0,606,170
agilent_172457,880.708,8.351,0.001,2,24
agilent_172772,13.435,8.608,0.001,295,54
agilent_173099,23.258,10.275,0,142,45
agilent_180309,61.716,15.477,0,308,259
agilent_180726,30.15,15.955,0,185,76
agilent_182601,8.69,9.646,0,853,101
agilent_182676,40.178,15.176,0,411,225
agilent_183695,22.726,15,0,394,122
agilent_185562,18348.081,8.784,0,0.1,25
agilent_18816,709.459,9.785,0,3,29
agilent_189282,81.547,8.944,0,27,30
agilent_192564,75.974,15.477,0,199,206
agilent_193182,48.284,7.106,0.024,38,25
agilent_193475,10.855,8.524,0.001,453,67
agilent_19497,73.392,9.608,0,33,33
agilent_196127,22.518,15,0,440,135
agilent_197005,1688.023,8.116,0.002,1,23
agilent_198657,30.914,1000,0,660,278
agilent_199155,16.46,12.602,0,379,85
agilent_200370,131.6,15.256,0,29,52
agilent_200789,22.555,12.982,0,205,63
agilent_202092,23.53,9.729,0,131,42
agilent_202587,20.291,10.097,0,170,47
agilent_203503,16.034,13.412,0,444,97
agilent_204282,6.854,7.327,0.014,878,82
agilent_204624,113.885,13.236,0,29,45
agilent_205570,7.323,8.159,0.002,912,91
agilent_206025,14.678,6.985,0.031,175,35
agilent_206569,38.781,15.477,0,176,93
agilent_207681,49.907,1000,0,100,68
agilent_208850,16146.311,7.876,0.004,0.1,22
agilent_20960,18348.081,8.784,0,0.1,25
agilent_209928,87.506,1000,0,52,62
agilent_210454,43.753,8.447,0.001,52,31
agilent_212238,14678.464,7.265,0.016,0.1,20
agilent_212,11.171,9.613,0,519,79
agilent_212879,733.923,7.135,0.022,2,20
agilent_21513,8.877,9.214,0,1298,157
agilent_21712,8.768,7.17,0.02,1582,189
agilent_217958,16880.234,8.18,0.002,0.1,23
agilent_219934,14.678,8.774,0.001,250,50
agilent_220184,37.88,15.353,0,124,64
agilent_220657,7.846,7.812,0.005,767,82
agilent_220721,12.348,9.548,0,422,71
agilent_221016,10.599,7.262,0.017,367,53
agilent_221096,63.735,15.955,0,76,66
agilent_221942,7.146,6.89,0.039,760,74
agilent_222162,12.517,7.335,0.014,258,44
agilent_2221,7.008,7.802,0.005,932,89
agilent_223185,17.73,13.256,0,356,86
agilent_223646,39.556,1000,0,154,83
agilent_223802,13.466,7.285,0.016,218,40
agilent_224314,13.557,9.005,0,314,58
agilent_224401,19.971,8.847,0,147,40
agilent_225587,107.642,7.054,0.027,15,22
agilent_226611,11.266,13.717,0,912,140
agilent_226780,20.246,7.339,0.014,116,32
agilent_226835,24.075,15.353,0,314,103
agilent_226915,14.678,8.149,0.002,220,44
agilent_227392,8.001,7.431,0.011,688,75
agilent_227745,13.647,7.88,0.004,242,45
agilent_228819,45.981,13.618,0,83,52
agilent_229243,12.094,9.594,0,443,73
agilent_229456,52.353,1000,0,150,107
agilent_229658,23.984,11.31,0,153,50
agilent_229757,75.431,10.668,0,36,37
agilent_231419,18.18,14.913,0,436,108
agilent_232485,50.967,7.168,0.021,36,25
agilent_235082,29.314,14.913,0,1377,550
agilent_235302,63.513,12.47,0,52,45
agilent_235466,36.875,15.654,0,205,103
agilent_235643,14.816,11.935,0,426,86
agilent_235895,97.856,7.523,0.009,18,24
agilent_235929,12.647,8.851,0,354,61
agilent_236002,25.125,9.073,0,111,38
agilent_236613,23.271,14.875,0,246,78
agilent_236864,46.735,15.477,0,647,412
agilent_237349,40.835,15.955,0,133,74
agilent_237631,61.804,13.182,0,57,48
agilent_237796,15412.388,7.571,0.008,0.1,21
agilent_239137,41.155,15.176,0,107,60
agilent_239239,14.602,7.387,0.012,191,38
agilent_239266,11.043,7.046,0.027,319,48
agilent_240269,66.197,12.787,0,51,46
agilent_240385,13.106,7.161,0.021,224,40
agilent_241214,14.137,8.268,0.002,244,47
agilent_241343,25.098,15.176,0,579,198
agilent_241381,179.685,1000,0,29,71
agilent_241703,11.725,7.851,0.004,338,54
agilent_242008,49.497,8.123,0.002,43,29
agilent_242591,17.715,9.725,0,203,49
agilent_24295,33.246,13.037,0,117,53
agilent_243108,12.14,7.179,0.02,266,44
agilent_243291,15.352,7.995,0.003,196,41
agilent_24623,39.414,7.817,0.005,54,29
agilent_26025,7.467,8.473,0.001,1032,105
agilent_2661,24.031,8.758,0.001,113,37
agilent_26641,39.519,9.257,0,65,35
agilent_26654,42.093,10.321,0,68,39
agilent_27341,13.591,7.327,0.014,216,40
agilent_27755,12.601,9.913,0,431,74
agilent_31002,1467.846,7.202,0.019,1,20
agilent_31663,18348.081,8.784,0,0.1,25
agilent_3414,31.011,14.239,0,142,60
agilent_3466,41.432,15.353,0,1387,783
agilent_3467,19.675,1000,0,1369,367
agilent_3468,206.063,1000,0,26,73
agilent_35407,36.148,8.637,0.001,67,33
agilent_3616,28.038,8.425,0.001,89,34
agilent_36653,20.649,14.724,0,327,92
agilent_38555,24953.39,11.467,0,0.1,34
agilent_39198,27.403,1000,0,1074,401
agilent_398,1908.2,9.021,0,1,26
agilent_40863,12.574,7.802,0.005,286,49
agilent_41807,14.17,7.392,0.012,202,39
agilent_42503,76.215,8.098,0.002,26,27
agilent_42894,53.702,8.474,0.001,41,30
agilent_45161,16.309,11.6,0,333,74
agilent_45284,38.546,15.256,0,238,125
agilent_45754,20.631,15.256,0,434,122
agilent_46206,14678.464,7.265,0.016,0.1,20
agilent_4722,42.149,15.109,0,249,143
agilent_4833,248.405,13.637,0,13,44
agilent_4834,1981.593,15.955,0,2,54
agilent_48632,54.226,15.955,0,157,116
agilent_48876,9.628,6.821,0.046,404,53
agilent_4968,24.884,15.955,0,233,79
agilent_5090,52.085,11.901,0,62,44
agilent_5189,35.173,15.955,0,265,127
agilent_52200,31.167,7.929,0.004,73,31
agilent_53727,57.456,15.955,0,175,137
agilent_542,15.163,15.176,0,1302,269
agilent_55558,47.126,15.654,0,95,61
agilent_55961,27.145,6.795,0.049,73,27
agilent_560,37.614,15.477,0,480,246
agilent_59596,12.857,7.837,0.004,274,48
agilent_60297,807.316,7.745,0.005,2,22
agilent_61084,44.579,15.109,0,270,164
agilent_6339,15.553,10.404,0,302,64
agilent_65600,46.516,15.955,0,142,90
agilent_66572,1761.416,8.419,0.001,1,24
agilent_6664,69.456,15,0,522,494
agilent_67747,15.937,7.727,0.006,175,38
agilent_67882,25.501,9.743,0,118,41
agilent_7032,23485.543,10.875,0,0.1,32
agilent_7108,38.397,15.955,0,302,158
agilent_71450,79.719,15.955,0,58,63
agilent_7302,15.912,15.477,0,964,209
agilent_7303,14.165,14.411,0,658,127
agilent_73243,20.358,14.75,0,995,276
agilent_73853,18.94,8.67,0.001,155,40
agilent_7520,38.225,6.82,0.046,48,25
agilent_7538,55.183,15.256,0,528,397
agilent_75453,17614.157,8.482,0.001,0.1,24
agilent_77528,79.264,8.136,0.002,25,27
agilent_77798,24.714,7.961,0.003,98,33
agilent_7811,10.908,9.616,0,545,81
agilent_7883,103.613,7.566,0.008,17,24
agilent_79560,38.486,11.109,0,82,43
agilent_79646,17.844,11.205,0,255,62
agilent_80375,42.422,15.654,0,282,163
agilent_8318,32.174,1000,0,495,217
agilent_84426,269.105,7.502,0.01,6,22
agilent_85229,31.615,7.259,0.017,65,28
agilent_86177,17.197,15.477,0,542,127
agilent_8683,45.045,8.593,0.001,2369,1454
agilent_8775,9.174,8.587,0.001,656,82
agilent_8842,17.412,14.632,0,451,107
agilent_88762,152.579,1000,0,38,79
agilent_88956,17.646,9.025,0,183,44
agilent_89024,70.229,1000,0,116,111
agilent_8947,41.96,15.353,0,955,546
agilent_8991,16.539,10.835,0,284,64
agilent_8993,11.327,7.171,0.02,311,48
agilent_9025,14.923,9.866,0,300,61
agilent_90858,22.054,15.051,0,599,180
agilent_93129,311.917,10.969,0,8,34
agilent_94163,18.541,9.826,0,190,48
agilent_9777,36.169,15.176,0,418,206
agilent_99878,64.758,8.698,0.001,34,30
corona2_11424,25.786,11.966,0,148,52
corona2_12939,7.42,7.989,0.003,1177,119
corona2_12959,10.447,12.208,0,1124,160
corona2_13003,9.069,9.515,0,785,97
corona2_13022,32.957,15.176,0,579,260
corona2_13059,55.13,15.654,0,426,320
corona2_13064,22.527,15.176,0,720,221
corona2_13077,8.634,9.546,0,850,100
corona2_13079,9.411,10.995,0,1084,139
corona2_13121,94.164,15.955,0,53,68
corona2_1730,16146.311,7.876,0.004,0.1,22
corona2_3326,309.879,12.09,0,9,38
corona2_6051,16880.234,8.18,0.002,0.1,23
corona2_7886,13.69,6.868,0.041,193,36
corona2_8693,14678.464,7.265,0.016,0.1,20
twist_13611,26.605,7.212,0.019,80,29
twist_13630,30.137,15.353,0,207,85
twist_16785,10.679,11.404,0,1292,188
twist_18769,29.977,7.406,0.012,71,29
twist_19468,18348.081,8.784,0,0.1,25
twist_19504,47.004,14.841,0,89,57
twist_20503,13.324,13.469,0,661,120
twist_20848,26.605,15.477,0,400,145
twist_22624,21283.773,9.983,0,0.1,29
twist_22824,15412.388,7.571,0.008,0.1,21
twist_23740,76.013,8.614,0.001,28,29
twist_24699,100.914,7.01,0.03,16,22
twist_25682,71.831,12.908,0,47,46
twist_26511,13.868,11.734,0,471,89
twist_26832,1394.454,6.895,0.039,1,19
twist_27552,11.537,12.332,0,757,119
twist_27640,24.655,10.064,0,128,43
twist_2830,22.018,7.093,0.024,100,30
twist_28586,29.927,15.353,0,309,126
twist_29385,13.271,13.146,0,636,115
twist_29886,29.594,12.048,0,124,50
twist_30716,23.352,11.024,0,154,49
twist_30833,18.181,1000,0,658,163
twist_30864,7.294,7.962,0.003,1137,113
twist_31607,8.737,7.644,0.007,1512,180
twist_32174,31.077,15.477,0,1724,730
twist_32175,29.064,1000,0,1101,436
twist_32176,38.664,15.109,0,317,167
twist_32625,25687.313,11.762,0,0.1,35
twist_33184,1761.416,8.419,0.001,1,24
twist_34377,7.777,8.98,0,972,103
twist_35333,11.531,11.982,0,1343,211
twist_35334,16.582,1000,0,1226,277
twist_36518,20.277,15,0,894,247
twist_37694,1834.808,8.72,0.001,1,25
twist_37844,330.265,9.006,0,6,27
twist_41177,733.923,7.135,0.022,2,20
twist_41187,733.923,7.135,0.022,2,20
twist_4264,49.589,7.137,0.022,37,25
twist_43321,30.962,6.996,0.031,64,27
twist_44256,25.338,7.129,0.022,84,29
twist_46140,21.113,14.523,0,292,84
twist_46818,14678.464,7.265,0.016,0.1,20
twist_47461,15.296,14.311,0,547,114
twist_47463,8.842,7.274,0.016,1577,190
twist_47588,1070.305,1000,0,12,175
twist_47589,236.749,1000,0,31,100
twist_47590,67520.937,1000,0,0.1,92
twist_48320,40.699,15.477,0,220,122
twist_48321,38.588,12.983,0,97,51
twist_48890,6.596,7.017,0.029,1146,103
twist_49412,18.124,1000,0,1474,364
twist_50962,14.95,12.163,0,432,88
twist_51296,11.978,14.875,0,1011,165
twist_51298,8.139,6.801,0.048,1551,172
twist_51902,7.232,8.18,0.002,954,94
twist_52287,26.648,13.704,0,168,61
twist_52590,40.774,10.505,0,72,40
twist_54435,42.728,1000,0,146,85
twist_54947,31.067,15.353,0,704,298
twist_55260,14.99,1000,0,896,183
twist_55272,807.316,7.745,0.005,2,22
twist_55738,1614.631,7.813,0.005,1,22
twist_55740,35962.238,1000,0,0.1,49
twist_56100,1981.593,9.321,0,1,27
twist_56156,8.732,8.417,0.001,706,84
twist_56481,12.748,12.129,0,593,103
twist_58043,11.417,7.295,0.015,315,49
twist_58213,366.962,9.899,0,6,30
twist_58779,175.012,1000,0,26,62
twist_58780,109.421,1000,0,55,82
twist_58790,21.727,8.256,0.002,2118,627
twist_58797,15.556,11.601,0,368,78
twist_58799,9.921,10.003,0,725,98
twist_58801,9.087,10.14,0,848,105
twist_58802,96.458,13.305,0,35,46
twist_59601,54.412,11.726,0,58,43
twist_63183,1981.593,9.321,0,1,27
twist_72394,15412.388,7.571,0.008,0.1,21
twist_72934,18348.081,8.784,0,0.1,25
twist_73102,1394.454,6.895,0.039,1,19
twist_77319,15.07,14.955,0,1388,285
twist_78072,23.306,15.051,0,359,114
twist_82779,19082.004,9.085,0,0.1,26
twist_83382,14678.464,7.265,0.016,0.1,20
twist_8546,4109.97,1000,0,1,56
twist_87633,807.316,7.745,0.005,2,22
twist_88410,16146.311,7.876,0.004,0.1,22
twist_90409,18.837,12.982,0,300,77
twist_91465,165.133,13.6,0,20,45
twist_91507,20549.85,9.684,0,0.1,28
twist_93677,14678.464,7.265,0.016,0.1,20
twist_93841,24219.466,11.171,0,0.1,33
twist_94021,23.145,15,0,371,117
twist_94855,14.443,11.762,0,437,86
twist_95838,16146.311,7.876,0.004,0.1,22
twist_95839,28623.006,12.939,0,0.1,39
twist_95840,293.569,10.379,0,8,32
